nip,eselon2
197305031994021003,Pusat Pendidikan dan Pelatihan Anggaran dan Perbendaharaan
197508231999031002,Pusat Pendidikan dan Pelatihan Anggaran dan Perbendaharaan
196206291983021002,Pusat Pendidikan dan Pelatihan Pajak
196609301992012001,Pusat Pendidikan dan Pelatihan Pajak
197009051992011001,Pusat Pendidikan dan Pelatihan Pajak
197203141992011001,Pusat Pendidikan dan Pelatihan Pajak
199507222024211002,Politeknik Keuangan Negara STAN
199007072013101002,Politeknik Keuangan Negara STAN
198307132004121002,Politeknik Keuangan Negara STAN
199206272014112001,Politeknik Keuangan Negara STAN
200105022022012001,Sekretariat Badan
200007062023021002,Sekretariat Badan
200112122023021001,Sekretariat Badan
200103152023022001,Sekretariat Badan
200008132022011002,Sekretariat Badan
199506292016121003,Sekretariat Badan
200006132022012001,Sekretariat Badan
200112312023021001,Sekretariat Badan
198811182009121001,Sekretariat Badan
200011042022011001,Sekretariat Badan
200002232022012002,Sekretariat Badan
200004222022012001,Sekretariat Badan
199908292022011001,Sekretariat Badan
200101162022012001,Sekretariat Badan
200105082023022003,Sekretariat Badan
199909132022012002,Sekretariat Badan
199907102022012001,Sekretariat Badan
200012142023021005,Sekretariat Badan
200006012022011001,Sekretariat Badan
200102192023022001,Sekretariat Badan
200001122022011002,Sekretariat Badan
199904162022012001,Politeknik Keuangan Negara STAN
199911142022012001,Politeknik Keuangan Negara STAN
199006022012101005,Sekretariat Badan
199508102020121002,Sekretariat Badan
200304272025052002,Sekretariat Badan
200201032026022001,Sekretariat Badan
200103162022012001,Sekretariat Badan
200109062025052002,Sekretariat Badan
200310172025051002,Sekretariat Badan
200309042026021002,Sekretariat Badan
200204072025052002,Sekretariat Badan
200001092025051003,Sekretariat Badan
199806272022011001,Sekretariat Badan
199905282022011001,Sekretariat Badan
198309012009011009,Sekretariat Badan
200308042025052002,Sekretariat Badan
199610092025051003,Sekretariat Badan
200311062026022001,Sekretariat Badan
199907222025051002,Sekretariat Badan
200003092025051003,Sekretariat Badan
198912262008121001,Sekretariat Badan
199305102014112001,Sekretariat Badan
199808292021012002,Sekretariat Badan
200002222022012001,Pusat Pendidikan dan Pelatihan Kepemimpinan dan Manajemen
199210152013101002,Pusat Pendidikan dan Pelatihan Bea dan Cukai
199904052021012003,Pusat Pendidikan dan Pelatihan Bea dan Cukai
198810312010121003,Pusat Pendidikan dan Pelatihan Keuangan Publik
197712131999031005,Pusat Pendidikan dan Pelatihan Pajak
197407201994021001,Sekretariat Badan
198612142010122003,Sekretariat Badan
197207221999032001,Pusat Pendidikan dan Pelatihan Anggaran dan Perbendaharaan
198311052004121001,Politeknik Keuangan Negara STAN
198708272009121002,Sekretariat Badan
198912112009121001,Sekretariat Badan
199507282019022009,Pusat Pembinaan Jabatan Fungsional dan Penjaminan Mutu
198908272010121004,Pusat Pendidikan dan Pelatihan Pajak
197109111999031001,Pusat Pendidikan dan Pelatihan Pajak
199001082015022002,Pusat Pendidikan dan Pelatihan Pajak
197603061999032001,Pusat Pendidikan dan Pelatihan Pajak
197111061998032002,Pusat Pendidikan dan Pelatihan Pajak
198903172015022002,Pusat Pendidikan dan Pelatihan Pajak
198511112007101001,Pusat Pendidikan dan Pelatihan Pajak
197201161998031002,Pusat Pendidikan dan Pelatihan Pajak
199608012018011003,Pusat Pendidikan dan Pelatihan Pajak
198812132010122002,Pusat Pendidikan dan Pelatihan Bea dan Cukai
198503272007011001,Pusat Pendidikan dan Pelatihan Bea dan Cukai
196901111998031002,Pusat Pendidikan dan Pelatihan Bea dan Cukai
198808302015022002,Pusat Pendidikan dan Pelatihan Bea dan Cukai
198608312010122007,Pusat Pendidikan dan Pelatihan Bea dan Cukai
199206142014111001,Pusat Pendidikan dan Pelatihan Bea dan Cukai
197504191995022001,Pusat Pendidikan dan Pelatihan Bea dan Cukai
199204112015022007,Pusat Pendidikan dan Pelatihan Bea dan Cukai
198708172007101001,Pusat Pendidikan dan Pelatihan Bea dan Cukai
198903262010122002,Pusat Pendidikan dan Pelatihan Keuangan Publik
199003102010122003,Pusat Pendidikan dan Pelatihan Keuangan Publik
198510222010121005,Pusat Pendidikan dan Pelatihan Keuangan Publik
198902252010122002,Pusat Pendidikan dan Pelatihan Keuangan Publik
199609032016121001,Pusat Pendidikan dan Pelatihan Keuangan Publik
199610082019022002,Pusat Pembinaan Jabatan Fungsional dan Penjaminan Mutu
199811132019122001,Pusat Pembinaan Jabatan Fungsional dan Penjaminan Mutu
199005232015021003,Pusat Pembinaan Jabatan Fungsional dan Penjaminan Mutu
198712202008122002,Sekretariat Badan
198612202008121003,Sekretariat Badan
199209022013102001,Sekretariat Badan
198005292001121003,Sekretariat Badan
199609172018121001,Sekretariat Badan
199203122014111001,Sekretariat Badan
199702112018122001,Sekretariat Badan
198310042004121001,Sekretariat Badan
198605132007011001,Sekretariat Badan
199111242013102001,Pusat Pendidikan dan Pelatihan Kepemimpinan dan Manajemen
199112052013101001,Pusat Pendidikan dan Pelatihan Kepemimpinan dan Manajemen
198806262009121005,Pusat Pendidikan dan Pelatihan Kepemimpinan dan Manajemen
198706112010122004,Pusat Pendidikan dan Pelatihan Kepemimpinan dan Manajemen
198901152010121002,Pusat Pendidikan dan Pelatihan Kepemimpinan dan Manajemen
199803122018122001,Pusat Pendidikan dan Pelatihan Anggaran dan Perbendaharaan
199110052013102002,Pusat Pendidikan dan Pelatihan Anggaran dan Perbendaharaan
199204092013101001,Pusat Pendidikan dan Pelatihan Anggaran dan Perbendaharaan
198705012008122001,Pusat Pendidikan dan Pelatihan Anggaran dan Perbendaharaan
198308072003121001,Pusat Pendidikan dan Pelatihan Anggaran dan Perbendaharaan
198706042009121003,Pusat Pendidikan dan Pelatihan Anggaran dan Perbendaharaan
198411142009012006,Sekretariat Badan
198709222010121001,Sekretariat Badan
198404012009011004,Sekretariat Badan
198609102010122004,Sekretariat Badan
199106292013101003,Sekretariat Badan
198910142010122002,Sekretariat Badan
198412232007012001,Sekretariat Badan
197912062001121001,Sekretariat Badan
200008152019122002,Sekretariat Badan
198804262009121003,Sekretariat Badan
200209222025051001,Sekretariat Badan
199006242012101003,Sekretariat Badan
197205041999031011,Pusat Pembinaan Jabatan Fungsional dan Penjaminan Mutu
197706221999032001,Pusat Pembinaan Jabatan Fungsional dan Penjaminan Mutu
198910042010121004,Pusat Pembinaan Jabatan Fungsional dan Penjaminan Mutu
199606052019022003,Pusat Pembinaan Jabatan Fungsional dan Penjaminan Mutu
198207302009011007,Pusat Pembinaan Jabatan Fungsional dan Penjaminan Mutu
198102052002121001,Pusat Pendidikan dan Pelatihan Bea dan Cukai
199506212015021003,Pusat Pendidikan dan Pelatihan Bea dan Cukai
198303012004121002,Pusat Pendidikan dan Pelatihan Kepemimpinan dan Manajemen
199006182018011002,Pusat Pendidikan dan Pelatihan Kepemimpinan dan Manajemen
197202051999031001,Pusat Pendidikan dan Pelatihan Kepemimpinan dan Manajemen
197012151992011001,Pusat Pendidikan dan Pelatihan Kepemimpinan dan Manajemen
196702141993102001,Pusat Pendidikan dan Pelatihan Kepemimpinan dan Manajemen
197602201996032001,Pusat Pendidikan dan Pelatihan Kepemimpinan dan Manajemen
196912261996032001,Pusat Pendidikan dan Pelatihan Kepemimpinan dan Manajemen
197206091999031001,Pusat Pendidikan dan Pelatihan Kepemimpinan dan Manajemen
198009052001121006,Pusat Pendidikan dan Pelatihan Kepemimpinan dan Manajemen
197406031995031001,Pusat Pendidikan dan Pelatihan Keuangan Publik
197507031999031002,Pusat Pendidikan dan Pelatihan Keuangan Publik
198308032004121001,Pusat Pendidikan dan Pelatihan Keuangan Publik
198811132009121002,Pusat Pendidikan dan Pelatihan Keuangan Publik
197308081994021001,Pusat Pembinaan Jabatan Fungsional dan Penjaminan Mutu
197306201995121001,Pusat Pembinaan Jabatan Fungsional dan Penjaminan Mutu
198107042009011007,Pusat Pembinaan Jabatan Fungsional dan Penjaminan Mutu
198107292009012009,Pusat Pembinaan Jabatan Fungsional dan Penjaminan Mutu
197803032005011002,Sekretariat Badan
197012121997032005,Sekretariat Badan
197109111998031001,Sekretariat Badan
198905022010121002,Sekretariat Badan
198807052010122002,Sekretariat Badan
198904102010121003,Sekretariat Badan
197008051994031002,Sekretariat Badan
198503102010122005,Sekretariat Badan
198802292010121004,Sekretariat Badan
198706052007101001,Sekretariat Badan
198802162007101001,Sekretariat Badan
198910102010121004,Sekretariat Badan
199206092014111001,Sekretariat Badan
199304242018011002,Sekretariat Badan
198909092010121001,Sekretariat Badan
198705112008121002,Sekretariat Badan
198601202007102001,Sekretariat Badan
198803222007011002,Sekretariat Badan
197509132005011001,Sekretariat Badan
199507102018011003,Politeknik Keuangan Negara STAN
199503292016121001,Politeknik Keuangan Negara STAN
198611232010121008,Sekretariat Badan
198510262008121003,Sekretariat Badan
200002042023022001,Sekretariat Badan
198512252010121003,Sekretariat Badan
197412061995112001,Sekretariat Badan
197312221994022001,Sekretariat Badan
199101202013101002,Sekretariat Badan
198705212008121003,Sekretariat Badan
197209101998031002,Sekretariat Badan
198805122015022002,Sekretariat Badan
199603052018012003,Sekretariat Badan
198308232006021002,Politeknik Keuangan Negara STAN
197610141999031006,Politeknik Keuangan Negara STAN
197406091995021001,Politeknik Keuangan Negara STAN
198212152009012009,Politeknik Keuangan Negara STAN
197702141999031001,Politeknik Keuangan Negara STAN
197701111999032001,Politeknik Keuangan Negara STAN
197503241995021002,Politeknik Keuangan Negara STAN
197201051992031002,Politeknik Keuangan Negara STAN
198604142009012009,Politeknik Keuangan Negara STAN
197809082000121007,Politeknik Keuangan Negara STAN
197008251991031009,Politeknik Keuangan Negara STAN
196911131996031002,Politeknik Keuangan Negara STAN
198305092004121002,Politeknik Keuangan Negara STAN
197904262000121001,Politeknik Keuangan Negara STAN
198405312009011006,Politeknik Keuangan Negara STAN
196812091988121001,Politeknik Keuangan Negara STAN
198309012004121002,Politeknik Keuangan Negara STAN
197512291996021001,Politeknik Keuangan Negara STAN
199705282019022001,Politeknik Keuangan Negara STAN
197511051999031001,Politeknik Keuangan Negara STAN
199305272018011005,Politeknik Keuangan Negara STAN
196910251994031001,Politeknik Keuangan Negara STAN
199002112012101003,Politeknik Keuangan Negara STAN
197406121996021001,Pusat Pendidikan dan Pelatihan Pajak
197109081998031001,Pusat Pendidikan dan Pelatihan Pajak
197501071995111002,Pusat Pendidikan dan Pelatihan Pajak
197010231993031002,Pusat Pendidikan dan Pelatihan Pajak
197612121996021003,Pusat Pendidikan dan Pelatihan Bea dan Cukai
197407191994021001,Pusat Pendidikan dan Pelatihan Bea dan Cukai
197002151997031001,Pusat Pendidikan dan Pelatihan Bea dan Cukai
197412071999031001,Pusat Pendidikan dan Pelatihan Bea dan Cukai
197309231999031001,Sekretariat Badan
196905081994031001,Pusat Pendidikan dan Pelatihan Anggaran dan Perbendaharaan
198908312010121002,Pusat Pendidikan dan Pelatihan Anggaran dan Perbendaharaan
197506041996021002,Pusat Pendidikan dan Pelatihan Anggaran dan Perbendaharaan
197606111999031001,Pusat Pendidikan dan Pelatihan Anggaran dan Perbendaharaan
196904221989121001,Pusat Pendidikan dan Pelatihan Anggaran dan Perbendaharaan
198812102010121003,Pusat Pendidikan dan Pelatihan Anggaran dan Perbendaharaan
196706111988031012,Pusat Pendidikan dan Pelatihan Pajak
196707031993102001,Pusat Pendidikan dan Pelatihan Pajak
196810201995031001,Pusat Pendidikan dan Pelatihan Pajak
199609062019021002,Sekretariat Badan
198804172009121003,Sekretariat Badan
197506291996021001,Pusat Pendidikan dan Pelatihan Anggaran dan Perbendaharaan
198604232009012004,Pusat Pendidikan dan Pelatihan Anggaran dan Perbendaharaan
196904161995031001,Pusat Pendidikan dan Pelatihan Pajak
198808192009122002,Pusat Pendidikan dan Pelatihan Pajak
198402212006021001,Pusat Pendidikan dan Pelatihan Pajak
197204021999031001,Pusat Pendidikan dan Pelatihan Pajak
197912231999031001,Pusat Pendidikan dan Pelatihan Pajak
197003051996032001,Pusat Pendidikan dan Pelatihan Bea dan Cukai
198304072009011009,Pusat Pendidikan dan Pelatihan Bea dan Cukai
198506112010122001,Politeknik Keuangan Negara STAN
198604222010121007,Politeknik Keuangan Negara STAN
198803232009121006,Politeknik Keuangan Negara STAN
199607232018122001,Politeknik Keuangan Negara STAN
198601092007011003,Politeknik Keuangan Negara STAN
199406302018012002,Politeknik Keuangan Negara STAN
197509271995021002,Politeknik Keuangan Negara STAN
197808022000012001,Politeknik Keuangan Negara STAN
197511151995112001,Politeknik Keuangan Negara STAN
197904112001121001,Politeknik Keuangan Negara STAN
196509191986031001,Politeknik Keuangan Negara STAN
196206281987031001,Politeknik Keuangan Negara STAN
198109032010021001,Politeknik Keuangan Negara STAN
197412251995111002,Politeknik Keuangan Negara STAN
196908091999031001,Politeknik Keuangan Negara STAN
197601041996021003,Politeknik Keuangan Negara STAN
200001112023022001,Sekretariat Badan
198605182007101003,Sekretariat Badan
197205211994031001,Sekretariat Badan
198802132008121002,Sekretariat Badan
196909181990031001,Sekretariat Badan
198401262007011001,Sekretariat Badan
199004062010122001,Sekretariat Badan
198502042007011001,Pusat Pendidikan dan Pelatihan Pajak
199111262013101002,Pusat Pendidikan dan Pelatihan Kepemimpinan dan Manajemen
198812042009121002,Pusat Pendidikan dan Pelatihan Kepemimpinan dan Manajemen
198608272015021001,Pusat Pendidikan dan Pelatihan Kepemimpinan dan Manajemen
198311142010122001,Pusat Pendidikan dan Pelatihan Kepemimpinan dan Manajemen
197206291999032001,Pusat Pendidikan dan Pelatihan Kepemimpinan dan Manajemen
196808101987031001,Pusat Pendidikan dan Pelatihan Keuangan Publik
198904282010122001,Pusat Pendidikan dan Pelatihan Keuangan Publik
198609042008121002,Pusat Pendidikan dan Pelatihan Keuangan Publik
197309011994021001,Pusat Pendidikan dan Pelatihan Keuangan Publik
197012261998032001,Pusat Pembinaan Jabatan Fungsional dan Penjaminan Mutu
198504212009012008,Pusat Pembinaan Jabatan Fungsional dan Penjaminan Mutu
199203032014111001,Pusat Pembinaan Jabatan Fungsional dan Penjaminan Mutu
199602012018011002,Sekretariat Badan
199511012018011003,Sekretariat Badan
199207202019021004,Sekretariat Badan
198910092010122003,Pusat Pendidikan dan Pelatihan Kepemimpinan dan Manajemen
198807072007101003,Pusat Pendidikan dan Pelatihan Kepemimpinan dan Manajemen
197412232005011001,Pusat Pendidikan dan Pelatihan Kepemimpinan dan Manajemen
199806112019122001,Pusat Pendidikan dan Pelatihan Anggaran dan Perbendaharaan
199205162014112001,Pusat Pendidikan dan Pelatihan Anggaran dan Perbendaharaan
198707022010122007,Pusat Pendidikan dan Pelatihan Anggaran dan Perbendaharaan
197205291998031001,Sekretariat Badan
198411282009012005,Sekretariat Badan
198311212006021001,Sekretariat Badan
198010082001121002,Sekretariat Badan
199211302014112001,Sekretariat Badan
198901252010121002,Sekretariat Badan
198608202010122003,Sekretariat Badan
198705172008121004,Sekretariat Badan
199305292014112001,Sekretariat Badan
199009142012101001,Sekretariat Badan
198706032008122001,Pusat Pembinaan Jabatan Fungsional dan Penjaminan Mutu
198706242007101001,Pusat Pendidikan dan Pelatihan Pajak
198704192007012001,Pusat Pendidikan dan Pelatihan Bea dan Cukai
198808262009122001,Pusat Pendidikan dan Pelatihan Keuangan Publik
198306022010122004,Pusat Pembinaan Jabatan Fungsional dan Penjaminan Mutu
197010071990122001,Sekretariat Badan
199008202013101001,Pusat Pendidikan dan Pelatihan Keuangan Publik
198502152009012005,Politeknik Keuangan Negara STAN
197011231995032001,Pusat Pendidikan dan Pelatihan Pajak
198603282008121002,Sekretariat Badan
197411202005012001,Sekretariat Badan
198508012007011001,Pusat Pendidikan dan Pelatihan Anggaran dan Perbendaharaan
199212072013101002,Pusat Pendidikan dan Pelatihan Anggaran dan Perbendaharaan
197002161997031001,Pusat Pendidikan dan Pelatihan Anggaran dan Perbendaharaan
197510011996021001,Pusat Pendidikan dan Pelatihan Anggaran dan Perbendaharaan
196906101990121001,Pusat Pendidikan dan Pelatihan Anggaran dan Perbendaharaan
197507171995031001,Pusat Pendidikan dan Pelatihan Anggaran dan Perbendaharaan
197301091994031001,Pusat Pendidikan dan Pelatihan Anggaran dan Perbendaharaan
197707131999032002,Pusat Pendidikan dan Pelatihan Pajak
197204121992011001,Pusat Pendidikan dan Pelatihan Bea dan Cukai
197009301990121001,Pusat Pendidikan dan Pelatihan Bea dan Cukai
199010022012101003,Politeknik Keuangan Negara STAN
199103042013102001,Politeknik Keuangan Negara STAN
198701102008121002,Politeknik Keuangan Negara STAN
198002201999031002,Politeknik Keuangan Negara STAN
199303302013101004,Politeknik Keuangan Negara STAN
198501012007011001,Politeknik Keuangan Negara STAN
198707052008121003,Politeknik Keuangan Negara STAN
198905122015021003,Politeknik Keuangan Negara STAN
197305281993021001,Politeknik Keuangan Negara STAN
196906151989121001,Politeknik Keuangan Negara STAN
197903172000121001,Politeknik Keuangan Negara STAN
198012022002122001,Politeknik Keuangan Negara STAN
197910122000011001,Politeknik Keuangan Negara STAN
196810071993031001,Sekretariat Badan
196904141996032001,Sekretariat Badan
198803172009122003,Sekretariat Badan
198803082009121003,Politeknik Keuangan Negara STAN
198907292010122001,Sekretariat Badan
197007231996032001,Sekretariat Badan
196709071988031001,Sekretariat Badan
197107031992031002,Sekretariat Badan
197406271995111001,Sekretariat Badan
197211291998031001,Sekretariat Badan
198406132010121002,Pusat Pendidikan dan Pelatihan Anggaran dan Perbendaharaan
198711142009121003,Pusat Pendidikan dan Pelatihan Kepemimpinan dan Manajemen
198212022009012006,Pusat Pembinaan Jabatan Fungsional dan Penjaminan Mutu
198805272009121006,Pusat Pendidikan dan Pelatihan Pajak
199801242018122001,Pusat Pendidikan dan Pelatihan Pajak
196910131998031001,Pusat Pendidikan dan Pelatihan Bea dan Cukai
198612112007101001,Pusat Pendidikan dan Pelatihan Bea dan Cukai
198807272009121004,Pusat Pendidikan dan Pelatihan Bea dan Cukai
198709232008121001,Pusat Pendidikan dan Pelatihan Keuangan Publik
197910192005012002,Pusat Pendidikan dan Pelatihan Keuangan Publik
198912192010122001,Sekretariat Badan
199512082018011005,Sekretariat Badan
198408202007011001,Sekretariat Badan
198805112009121004,Sekretariat Badan
198902052010122002,Sekretariat Badan
197002241999031001,Sekretariat Badan
198906162008121001,Sekretariat Badan
199206042018011001,Pusat Pendidikan dan Pelatihan Kepemimpinan dan Manajemen
197202111998031001,Pusat Pendidikan dan Pelatihan Anggaran dan Perbendaharaan
198903252009121001,Pusat Pendidikan dan Pelatihan Anggaran dan Perbendaharaan
198911042013101002,Pusat Pendidikan dan Pelatihan Anggaran dan Perbendaharaan
198409292006021002,Sekretariat Badan
198504102006022002,Sekretariat Badan
199810312019122001,Sekretariat Badan
198603152007011001,Pusat Pendidikan dan Pelatihan Kepemimpinan dan Manajemen
197206061998031002,Pusat Pendidikan dan Pelatihan Keuangan Publik
199204012019022006,Pusat Pendidikan dan Pelatihan Anggaran dan Perbendaharaan
198912062009122002,Pusat Pendidikan dan Pelatihan Pajak
197209281993011001,Sekretariat Badan
196703291987031002,Pusat Pendidikan dan Pelatihan Anggaran dan Perbendaharaan
198604072008121004,Pusat Pendidikan dan Pelatihan Pajak
199005172012101001,Pusat Pendidikan dan Pelatihan Pajak
199310182014112001,Pusat Pendidikan dan Pelatihan Pajak
199602102018011002,Pusat Pendidikan dan Pelatihan Bea dan Cukai
198912072012101002,Pusat Pendidikan dan Pelatihan Bea dan Cukai
198705242008121003,Pusat Pendidikan dan Pelatihan Bea dan Cukai
198802182010122002,Pusat Pendidikan dan Pelatihan Keuangan Publik
198801302008122001,Pusat Pendidikan dan Pelatihan Keuangan Publik
197807021999031001,Pusat Pendidikan dan Pelatihan Keuangan Publik
197011051994031001,Pusat Pendidikan dan Pelatihan Keuangan Publik
197107091994032002,Pusat Pendidikan dan Pelatihan Keuangan Publik
198511252007011001,Pusat Pembinaan Jabatan Fungsional dan Penjaminan Mutu
198811172008121001,Pusat Pembinaan Jabatan Fungsional dan Penjaminan Mutu
199112122013101002,Pusat Pendidikan dan Pelatihan Kepemimpinan dan Manajemen
199405022018012003,Pusat Pendidikan dan Pelatihan Kepemimpinan dan Manajemen
198605132010122003,Pusat Pendidikan dan Pelatihan Kepemimpinan dan Manajemen
197109141999032007,Pusat Pendidikan dan Pelatihan Kepemimpinan dan Manajemen
197411101995112001,Pusat Pendidikan dan Pelatihan Kepemimpinan dan Manajemen
198509282004121002,Pusat Pendidikan dan Pelatihan Kepemimpinan dan Manajemen
198706082010121008,Pusat Pendidikan dan Pelatihan Kepemimpinan dan Manajemen
198811142009122002,Pusat Pendidikan dan Pelatihan Kepemimpinan dan Manajemen
198610272007011001,Pusat Pendidikan dan Pelatihan Anggaran dan Perbendaharaan
198907042010122002,Pusat Pendidikan dan Pelatihan Anggaran dan Perbendaharaan
199812172019122001,Pusat Pendidikan dan Pelatihan Anggaran dan Perbendaharaan
197106151994031003,Pusat Pendidikan dan Pelatihan Pajak
198809182015021004,Pusat Pendidikan dan Pelatihan Pajak
198804072007011004,Pusat Pendidikan dan Pelatihan Pajak
199106022013101002,Pusat Pendidikan dan Pelatihan Pajak
198804142009122003,Sekretariat Badan
199104162012101003,Sekretariat Badan
198609172010121002,Sekretariat Badan
197501151996021002,Sekretariat Badan
198604142009011004,Sekretariat Badan
198803162008121001,Sekretariat Badan
198704172009121002,Sekretariat Badan
197504021996022001,Sekretariat Badan
199212012014112001,Sekretariat Badan
198902082010122002,Sekretariat Badan
198308172007011001,Sekretariat Badan
200010292019122002,Sekretariat Badan
198204012009011013,Pusat Pendidikan dan Pelatihan Kepemimpinan dan Manajemen
199009092013101001,Pusat Pendidikan dan Pelatihan Pajak
198811212009122002,Pusat Pendidikan dan Pelatihan Kepemimpinan dan Manajemen
197011261997031001,Pusat Pendidikan dan Pelatihan Keuangan Publik
199110222014111002,Pusat Pendidikan dan Pelatihan Keuangan Publik
198507222009011006,Pusat Pendidikan dan Pelatihan Keuangan Publik
198707122010122003,Pusat Pendidikan dan Pelatihan Keuangan Publik
198909302015021005,Pusat Pendidikan dan Pelatihan Keuangan Publik
198711162009122002,Pusat Pembinaan Jabatan Fungsional dan Penjaminan Mutu
198609242006022002,Pusat Pembinaan Jabatan Fungsional dan Penjaminan Mutu
199110102013101002,Pusat Pembinaan Jabatan Fungsional dan Penjaminan Mutu
198706192008121002,Sekretariat Badan
197701231999031002,Sekretariat Badan
198701222006021003,Sekretariat Badan
200105052023022001,Sekretariat Badan
198006031999032001,Sekretariat Badan
198409042010122003,Sekretariat Badan
197311131994031002,Sekretariat Badan
198610302007012001,Sekretariat Badan
198706272007011002,Sekretariat Badan
199001082012101003,Politeknik Keuangan Negara STAN
197312251994032001,Politeknik Keuangan Negara STAN
197410161998031002,Politeknik Keuangan Negara STAN
197112111994031001,Politeknik Keuangan Negara STAN
198908192010121002,Politeknik Keuangan Negara STAN
199502092018012003,Politeknik Keuangan Negara STAN
197707021999032001,Sekretariat Badan
197212181999031001,Sekretariat Badan
196707291988101001,Sekretariat Badan
197606081999032001,Sekretariat Badan
199204202014111001,Sekretariat Badan
197211261994021001,Sekretariat Badan
197601181996021001,Sekretariat Badan
199612212018122001,Sekretariat Badan
200109302022012001,Sekretariat Badan
198908292009122001,Sekretariat Badan
197010191992032001,Sekretariat Badan
198807252009121003,Sekretariat Badan
198702032015021002,Sekretariat Badan
198904192010121002,Sekretariat Badan
197709092005011001,Sekretariat Badan
198505272010122005,Sekretariat Badan
199509012018012002,Sekretariat Badan
198404042009011013,Politeknik Keuangan Negara STAN
197805082000011001,Politeknik Keuangan Negara STAN
198306072010121002,Politeknik Keuangan Negara STAN
198103222002122001,Politeknik Keuangan Negara STAN
198304212004122001,Politeknik Keuangan Negara STAN
197504261996021001,Politeknik Keuangan Negara STAN
198410082010121005,Politeknik Keuangan Negara STAN
198407122006021002,Politeknik Keuangan Negara STAN
198406242006021003,Politeknik Keuangan Negara STAN
196908011989121001,Politeknik Keuangan Negara STAN
197509251996021001,Politeknik Keuangan Negara STAN
197609031996021001,Politeknik Keuangan Negara STAN
197006161992011001,Politeknik Keuangan Negara STAN
197703081999032001,Politeknik Keuangan Negara STAN
197602161999031003,Politeknik Keuangan Negara STAN
196802061988121001,Politeknik Keuangan Negara STAN
197408041995021002,Politeknik Keuangan Negara STAN
198205272004121001,Politeknik Keuangan Negara STAN
198308092009011010,Politeknik Keuangan Negara STAN
198412232009011007,Politeknik Keuangan Negara STAN
198707032010122003,Politeknik Keuangan Negara STAN
197405121995021001,Politeknik Keuangan Negara STAN
198310092010122003,Politeknik Keuangan Negara STAN
199502012015022002,Politeknik Keuangan Negara STAN
199006232013102001,Politeknik Keuangan Negara STAN
198910112010122003,Politeknik Keuangan Negara STAN
198506032010021001,Pusat Pendidikan dan Pelatihan Bea dan Cukai
197403191996031001,Politeknik Keuangan Negara STAN
197604181996022001,Politeknik Keuangan Negara STAN
197205081998031001,Sekretariat Badan
200010032022011001,Sekretariat Badan
197610301998031001,Sekretariat Badan
197401291998031001,Sekretariat Badan
197805262001121002,Pusat Pendidikan dan Pelatihan Anggaran dan Perbendaharaan
198704212007101001,Pusat Pendidikan dan Pelatihan Anggaran dan Perbendaharaan
197203211999031001,Pusat Pendidikan dan Pelatihan Anggaran dan Perbendaharaan
199005112012101002,Pusat Pendidikan dan Pelatihan Anggaran dan Perbendaharaan
198303272006021001,Pusat Pendidikan dan Pelatihan Anggaran dan Perbendaharaan
197607031996031001,Pusat Pendidikan dan Pelatihan Anggaran dan Perbendaharaan
198504162010121005,Pusat Pendidikan dan Pelatihan Anggaran dan Perbendaharaan
197803252002122002,Pusat Pendidikan dan Pelatihan Anggaran dan Perbendaharaan
197004091997031004,Pusat Pendidikan dan Pelatihan Anggaran dan Perbendaharaan
197303121993021001,Pusat Pendidikan dan Pelatihan Anggaran dan Perbendaharaan
197302151993021001,Pusat Pendidikan dan Pelatihan Pajak
197010211995031001,Pusat Pendidikan dan Pelatihan Pajak
198608042007101002,Pusat Pendidikan dan Pelatihan Bea dan Cukai
196803271995011001,Pusat Pendidikan dan Pelatihan Bea dan Cukai
197504181996031001,Pusat Pendidikan dan Pelatihan Bea dan Cukai
197201131992012001,Pusat Pendidikan dan Pelatihan Bea dan Cukai
197212011998032001,Pusat Pendidikan dan Pelatihan Anggaran dan Perbendaharaan
199303132014111001,Pusat Pendidikan dan Pelatihan Anggaran dan Perbendaharaan
199001062013101001,Pusat Pendidikan dan Pelatihan Anggaran dan Perbendaharaan
197208191992011001,Pusat Pendidikan dan Pelatihan Pajak
197305251992121001,Pusat Pendidikan dan Pelatihan Pajak
197203301994031001,Pusat Pendidikan dan Pelatihan Pajak
198506302007011001,Pusat Pendidikan dan Pelatihan Pajak
198408262006021001,Politeknik Keuangan Negara STAN
197103291997031001,Sekretariat Badan
200008062021012001,Sekretariat Badan
197207101993011001,Pusat Pendidikan dan Pelatihan Anggaran dan Perbendaharaan
198803082015021002,Politeknik Keuangan Negara STAN
199201222014112001,Politeknik Keuangan Negara STAN
197701301997031004,Politeknik Keuangan Negara STAN
198911162010122002,Politeknik Keuangan Negara STAN
198709112010122003,Politeknik Keuangan Negara STAN
199612102018121001,Politeknik Keuangan Negara STAN
199107142013101001,Politeknik Keuangan Negara STAN
196710101997031001,Politeknik Keuangan Negara STAN
197108061992011001,Politeknik Keuangan Negara STAN
197202101993011001,Politeknik Keuangan Negara STAN
197703151999032003,Politeknik Keuangan Negara STAN
197105211996031001,Politeknik Keuangan Negara STAN
197606021999032002,Politeknik Keuangan Negara STAN
198202212003122002,Politeknik Keuangan Negara STAN
197607021999031003,Politeknik Keuangan Negara STAN
198610212010121004,Politeknik Keuangan Negara STAN
198606112014021002,Politeknik Keuangan Negara STAN
197612121996021002,Sekretariat Badan
199211112014111001,Sekretariat Badan
197204141998031002,Sekretariat Badan
198702042009121005,Sekretariat Badan
197103261992012001,Sekretariat Badan
198406212003121005,Sekretariat Badan
198108132009011006,Sekretariat Badan
197806172005012001,Sekretariat Badan
197507301998032001,Sekretariat Badan
197304121998031001,Sekretariat Badan
198708132008121003,Sekretariat Badan
197204141992022001,Pusat Pendidikan dan Pelatihan Keuangan Publik
197406181995122001,Pusat Pembinaan Jabatan Fungsional dan Penjaminan Mutu
197301131994031002,Pusat Pembinaan Jabatan Fungsional dan Penjaminan Mutu
197005091996032001,Pusat Pembinaan Jabatan Fungsional dan Penjaminan Mutu
197105131994031001,Sekretariat Badan
197210031997032012,Sekretariat Badan
198702112008121002,Sekretariat Badan
198603042004121002,Sekretariat Badan
198310072010121002,Sekretariat Badan
196809081994031002,Sekretariat Badan
199201272014111001,Sekretariat Badan
198604252004121001,Sekretariat Badan
198903102019022002,Politeknik Keuangan Negara STAN
198712042007101002,Politeknik Keuangan Negara STAN
197503031995112001,Pusat Pembinaan Jabatan Fungsional dan Penjaminan Mutu
198912312010121002,Pusat Pendidikan dan Pelatihan Bea dan Cukai
196911161990031001,Pusat Pendidikan dan Pelatihan Kepemimpinan dan Manajemen
199209032013102001,Pusat Pendidikan dan Pelatihan Kepemimpinan dan Manajemen
198301142006021001,Pusat Pendidikan dan Pelatihan Kepemimpinan dan Manajemen
198801142007011001,Pusat Pendidikan dan Pelatihan Keuangan Publik
197503051999031001,Pusat Pendidikan dan Pelatihan Keuangan Publik
198912012010121001,Pusat Pendidikan dan Pelatihan Keuangan Publik
198705012007011002,Pusat Pendidikan dan Pelatihan Keuangan Publik
198603192007102001,Pusat Pembinaan Jabatan Fungsional dan Penjaminan Mutu
199103022018012002,Pusat Pendidikan dan Pelatihan Kepemimpinan dan Manajemen
199610262018012001,Pusat Pendidikan dan Pelatihan Kepemimpinan dan Manajemen
198912102010122001,Pusat Pendidikan dan Pelatihan Kepemimpinan dan Manajemen
198406182009012007,Pusat Pendidikan dan Pelatihan Kepemimpinan dan Manajemen
198410022010121002,Pusat Pendidikan dan Pelatihan Kepemimpinan dan Manajemen
198608192010121007,Pusat Pendidikan dan Pelatihan Kepemimpinan dan Manajemen
197502141995112001,Pusat Pendidikan dan Pelatihan Kepemimpinan dan Manajemen
199207242014112001,Pusat Pendidikan dan Pelatihan Kepemimpinan dan Manajemen
198810102010122005,Pusat Pendidikan dan Pelatihan Anggaran dan Perbendaharaan
198804222007012001,Pusat Pendidikan dan Pelatihan Anggaran dan Perbendaharaan
197008182005011001,Pusat Pendidikan dan Pelatihan Anggaran dan Perbendaharaan
198003282001121003,Pusat Pendidikan dan Pelatihan Pajak
199502112018011002,Sekretariat Badan
198510132007011002,Sekretariat Badan
198605202008121003,Sekretariat Badan
199103212013102001,Sekretariat Badan
199003062014021003,Sekretariat Badan
198007112001121004,Sekretariat Badan
198809252010121006,Sekretariat Badan
198509272007012002,Sekretariat Badan
197411211999031001,Pusat Pendidikan dan Pelatihan Bea dan Cukai
198010152005011001,Pusat Pendidikan dan Pelatihan Bea dan Cukai
199102122015022001,Pusat Pendidikan dan Pelatihan Bea dan Cukai
198605072010121005,Pusat Pendidikan dan Pelatihan Keuangan Publik
197410211995112001,Pusat Pendidikan dan Pelatihan Keuangan Publik
199003112013102001,Pusat Pendidikan dan Pelatihan Keuangan Publik
199108042013101002,Sekretariat Badan
197402251993011001,Pusat Pendidikan dan Pelatihan Anggaran dan Perbendaharaan
196707251993102001,Pusat Pendidikan dan Pelatihan Pajak
196706201987031005,Pusat Pendidikan dan Pelatihan Pajak
198803082009121002,Pusat Pendidikan dan Pelatihan Bea dan Cukai
198710132010121003,Politeknik Keuangan Negara STAN
197005191991031005,Politeknik Keuangan Negara STAN
197111111998031001,Politeknik Keuangan Negara STAN
198508302009012005,Politeknik Keuangan Negara STAN
197304051994031002,Politeknik Keuangan Negara STAN
198402262009012007,Politeknik Keuangan Negara STAN
197005161992011001,Politeknik Keuangan Negara STAN
198606202008121002,Sekretariat Badan
198809252009122001,Sekretariat Badan
197501061999031001,Sekretariat Badan
198312252004121001,Sekretariat Badan
198907062010121005,Sekretariat Badan
197205251993021001,Sekretariat Badan
197104041993031001,Sekretariat Badan
197504072005011001,Sekretariat Badan
199201242013101001,Sekretariat Badan
199106042013101001,Sekretariat Badan
198910162010121003,Sekretariat Badan
199007202013101004,Sekretariat Badan
199009142010121002,Sekretariat Badan
198310302009012003,Sekretariat Badan
197204041999031001,Sekretariat Badan
198708282010122003,Sekretariat Badan
197408221995112001,Sekretariat Badan
198904142013101001,Sekretariat Badan
197104091998032001,Pusat Pembinaan Jabatan Fungsional dan Penjaminan Mutu
197203211999032001,Pusat Pendidikan dan Pelatihan Anggaran dan Perbendaharaan
197501041995112001,Pusat Pendidikan dan Pelatihan Kepemimpinan dan Manajemen
198507292007011001,Pusat Pendidikan dan Pelatihan Kepemimpinan dan Manajemen
198506102010122004,Pusat Pendidikan dan Pelatihan Keuangan Publik
199109032013101003,Pusat Pendidikan dan Pelatihan Keuangan Publik
198905182010121001,Pusat Pembinaan Jabatan Fungsional dan Penjaminan Mutu
198811152009121004,Sekretariat Badan
198709112008121001,Sekretariat Badan
197105141998032002,Sekretariat Badan
198612312009121008,Sekretariat Badan
198212312003122001,Sekretariat Badan
198903162010122002,Sekretariat Badan
199005242010121002,Sekretariat Badan
199707262018122001,Sekretariat Badan
199007272012101003,Pusat Pendidikan dan Pelatihan Bea dan Cukai
199007282010121005,Pusat Pendidikan dan Pelatihan Bea dan Cukai
198503212007102001,Pusat Pendidikan dan Pelatihan Bea dan Cukai
198510292010121004,Pusat Pendidikan dan Pelatihan Bea dan Cukai
198706092008122001,Pusat Pendidikan dan Pelatihan Bea dan Cukai
198906132013101001,Pusat Pendidikan dan Pelatihan Bea dan Cukai
200005252019121001,Pusat Pendidikan dan Pelatihan Keuangan Publik
199010102012101002,Pusat Pendidikan dan Pelatihan Keuangan Publik
198806252007102001,Pusat Pembinaan Jabatan Fungsional dan Penjaminan Mutu
198710232009122002,Pusat Pembinaan Jabatan Fungsional dan Penjaminan Mutu
197611231999031002,Pusat Pembinaan Jabatan Fungsional dan Penjaminan Mutu
199308202018012005,Pusat Pembinaan Jabatan Fungsional dan Penjaminan Mutu
198809112009122003,Pusat Pendidikan dan Pelatihan Kepemimpinan dan Manajemen
198905062010122002,Pusat Pendidikan dan Pelatihan Kepemimpinan dan Manajemen
198206252009012008,Pusat Pendidikan dan Pelatihan Kepemimpinan dan Manajemen
198609132008121002,Pusat Pendidikan dan Pelatihan Kepemimpinan dan Manajemen
198106142003121002,Pusat Pendidikan dan Pelatihan Kepemimpinan dan Manajemen
198902262009121003,Pusat Pendidikan dan Pelatihan Kepemimpinan dan Manajemen
199706082018121001,Pusat Pendidikan dan Pelatihan Anggaran dan Perbendaharaan
198809282009121004,Pusat Pendidikan dan Pelatihan Anggaran dan Perbendaharaan
198805232009121005,Pusat Pendidikan dan Pelatihan Anggaran dan Perbendaharaan
197110151992032001,Pusat Pendidikan dan Pelatihan Anggaran dan Perbendaharaan
198705302010121001,Pusat Pendidikan dan Pelatihan Anggaran dan Perbendaharaan
198702042007011001,Pusat Pendidikan dan Pelatihan Pajak
199103302015022004,Pusat Pendidikan dan Pelatihan Pajak
197702091999031002,Pusat Pendidikan dan Pelatihan Keuangan Publik
198707012008121004,Pusat Pendidikan dan Pelatihan Keuangan Publik
197110031998031002,Pusat Pendidikan dan Pelatihan Keuangan Publik
198703052009121003,Pusat Pembinaan Jabatan Fungsional dan Penjaminan Mutu
199103292013102001,Pusat Pembinaan Jabatan Fungsional dan Penjaminan Mutu
198908272010121005,Pusat Pembinaan Jabatan Fungsional dan Penjaminan Mutu
197404171998031001,Pusat Pembinaan Jabatan Fungsional dan Penjaminan Mutu
199210142014111001,Pusat Pendidikan dan Pelatihan Kepemimpinan dan Manajemen
199008292010122001,Pusat Pendidikan dan Pelatihan Kepemimpinan dan Manajemen
198505082007011002,Pusat Pendidikan dan Pelatihan Anggaran dan Perbendaharaan
198908252010121001,Pusat Pendidikan dan Pelatihan Anggaran dan Perbendaharaan
199201032013101001,Pusat Pendidikan dan Pelatihan Anggaran dan Perbendaharaan
198503112010022001,Pusat Pendidikan dan Pelatihan Anggaran dan Perbendaharaan
198812112010121002,Pusat Pendidikan dan Pelatihan Anggaran dan Perbendaharaan
198505122009011003,Pusat Pendidikan dan Pelatihan Anggaran dan Perbendaharaan
199704092018122001,Pusat Pendidikan dan Pelatihan Pajak
198403302010122005,Pusat Pendidikan dan Pelatihan Pajak
198702052015022001,Pusat Pendidikan dan Pelatihan Pajak
197411091999031001,Pusat Pendidikan dan Pelatihan Pajak
196908061995011001,Pusat Pendidikan dan Pelatihan Pajak
199603052016121001,Pusat Pendidikan dan Pelatihan Pajak
197608041997032004,Pusat Pendidikan dan Pelatihan Pajak
196908171998031002,Pusat Pendidikan dan Pelatihan Pajak
198907052012101001,Pusat Pendidikan dan Pelatihan Pajak
198706162010122004,Pusat Pendidikan dan Pelatihan Bea dan Cukai
198405132006021001,Pusat Pendidikan dan Pelatihan Bea dan Cukai
198205162009011011,Pusat Pendidikan dan Pelatihan Bea dan Cukai
198710032009121003,Pusat Pendidikan dan Pelatihan Bea dan Cukai
198712162008121002,Pusat Pendidikan dan Pelatihan Bea dan Cukai
198501022007011001,Pusat Pendidikan dan Pelatihan Bea dan Cukai
196908241998031001,Pusat Pendidikan dan Pelatihan Bea dan Cukai
197103211994032003,Pusat Pendidikan dan Pelatihan Bea dan Cukai
198905022009121002,Sekretariat Badan
198404102010021001,Sekretariat Badan
198907242010122001,Sekretariat Badan
198407192006021003,Sekretariat Badan
199110282018012003,Sekretariat Badan
198706022008121001,Sekretariat Badan
198905232014021002,Sekretariat Badan
198605012009121008,Sekretariat Badan
198909242010121003,Sekretariat Badan
197210301998031001,Sekretariat Badan
197306271998032001,Sekretariat Badan
198812302010121004,Sekretariat Badan
198904172010122002,Sekretariat Badan
198407032006021003,Sekretariat Badan
198802102009121002,Sekretariat Badan
198510052009011010,Sekretariat Badan
198401282010121003,Sekretariat Badan
199607142018012002,Sekretariat Badan
198501072009011011,Sekretariat Badan
198910082010121005,Sekretariat Badan
198806102010121003,Sekretariat Badan
199701312018011002,Sekretariat Badan
200001282019122003,Sekretariat Badan
199510132018012001,Pusat Pendidikan dan Pelatihan Kepemimpinan dan Manajemen
199612122018012001,Sekretariat Badan
199103032013101002,Sekretariat Badan
198907012009122002,Sekretariat Badan
199105312013101002,Sekretariat Badan
198809052010121003,Sekretariat Badan
197709292002121001,Pusat Pendidikan dan Pelatihan Keuangan Publik
196803241989121001,Pusat Pembinaan Jabatan Fungsional dan Penjaminan Mutu
198401152009012008,Pusat Pembinaan Jabatan Fungsional dan Penjaminan Mutu
197606081999031002,Pusat Pembinaan Jabatan Fungsional dan Penjaminan Mutu
198812312009121003,Pusat Pembinaan Jabatan Fungsional dan Penjaminan Mutu
198708232008121002,Pusat Pembinaan Jabatan Fungsional dan Penjaminan Mutu
198312272009011006,Pusat Pembinaan Jabatan Fungsional dan Penjaminan Mutu
198711102006021002,Pusat Pembinaan Jabatan Fungsional dan Penjaminan Mutu
198801302010122001,Pusat Pembinaan Jabatan Fungsional dan Penjaminan Mutu
199502192018011004,Pusat Pembinaan Jabatan Fungsional dan Penjaminan Mutu
198906112015021002,Pusat Pembinaan Jabatan Fungsional dan Penjaminan Mutu
199010152012101002,Pusat Pendidikan dan Pelatihan Anggaran dan Perbendaharaan
198807312010121001,Pusat Pendidikan dan Pelatihan Pajak
199211142014111003,Pusat Pendidikan dan Pelatihan Pajak
198504012010122005,Pusat Pendidikan dan Pelatihan Bea dan Cukai
197012181996032001,Pusat Pendidikan dan Pelatihan Kepemimpinan dan Manajemen
198812142009122001,Pusat Pendidikan dan Pelatihan Kepemimpinan dan Manajemen
197410061999032001,Pusat Pendidikan dan Pelatihan Kepemimpinan dan Manajemen
196707051989121001,Pusat Pendidikan dan Pelatihan Kepemimpinan dan Manajemen
196912181996031002,Pusat Pendidikan dan Pelatihan Keuangan Publik
197607102000011002,Pusat Pendidikan dan Pelatihan Keuangan Publik
198408172007011001,Pusat Pendidikan dan Pelatihan Keuangan Publik
197507201998032001,Sekretariat Badan
200011162021012001,Sekretariat Badan
199202012014111001,Sekretariat Badan
197012251998031006,Sekretariat Badan
197605312005011002,Sekretariat Badan
200203062023022001,Sekretariat Badan
199602192018011003,Sekretariat Badan
198701302007011001,Sekretariat Badan
198401232006021002,Sekretariat Badan
198612312009121007,Sekretariat Badan
197109201998031001,Sekretariat Badan
199505302015021004,Sekretariat Badan
196904121994031003,Sekretariat Badan
198409022006021001,Sekretariat Badan
200007052022012002,Sekretariat Badan
196808281998031002,Sekretariat Badan
198603312007101002,Sekretariat Badan
197605151999031001,Sekretariat Badan
199009212010121001,Sekretariat Badan
198308192010121003,Sekretariat Badan
199905232021012002,Sekretariat Badan
197009171999031001,Sekretariat Badan
197610282005011001,Sekretariat Badan
199106022013101001,Sekretariat Badan
197409072002122001,Sekretariat Badan
198408022009012007,Sekretariat Badan
198906252010121002,Politeknik Keuangan Negara STAN
199004102012101001,Politeknik Keuangan Negara STAN
198205182003121003,Politeknik Keuangan Negara STAN
197402191994032002,Politeknik Keuangan Negara STAN
197401081998031002,Politeknik Keuangan Negara STAN
197404141994031001,Politeknik Keuangan Negara STAN
197301101994021001,Politeknik Keuangan Negara STAN
197705061996031001,Politeknik Keuangan Negara STAN
198403192006022002,Politeknik Keuangan Negara STAN
198203242003121002,Politeknik Keuangan Negara STAN
197707012000121001,Politeknik Keuangan Negara STAN
197401121995031001,Politeknik Keuangan Negara STAN
197007071992121001,Politeknik Keuangan Negara STAN
197103241998031003,Politeknik Keuangan Negara STAN
196801261994032001,Politeknik Keuangan Negara STAN
196806271989031002,Politeknik Keuangan Negara STAN
198211092004121001,Politeknik Keuangan Negara STAN
197605251996021002,Politeknik Keuangan Negara STAN
196911221989121001,Politeknik Keuangan Negara STAN
198310132009011011,Politeknik Keuangan Negara STAN
197710231999031001,Politeknik Keuangan Negara STAN
198311302009012008,Politeknik Keuangan Negara STAN
199607072018121001,Politeknik Keuangan Negara STAN
198507222010121006,Politeknik Keuangan Negara STAN
199003312013102001,Politeknik Keuangan Negara STAN
198512042008121003,Politeknik Keuangan Negara STAN
199003272018012002,Politeknik Keuangan Negara STAN
197505141999031001,Politeknik Keuangan Negara STAN
198805272009121004,Politeknik Keuangan Negara STAN
198702062010122004,Politeknik Keuangan Negara STAN
197111231998031001,Politeknik Keuangan Negara STAN
198901212010121001,Politeknik Keuangan Negara STAN
198701082010122002,Politeknik Keuangan Negara STAN
199605182018012004,Politeknik Keuangan Negara STAN
198301242009011007,Politeknik Keuangan Negara STAN
198409142010121004,Sekretariat Badan
198801032009121005,Sekretariat Badan
198808272009121002,Sekretariat Badan
197009251996031001,Pusat Pendidikan dan Pelatihan Anggaran dan Perbendaharaan
197412061995031002,Pusat Pendidikan dan Pelatihan Anggaran dan Perbendaharaan
197608191999031002,Pusat Pendidikan dan Pelatihan Anggaran dan Perbendaharaan
198803152009121003,Pusat Pendidikan dan Pelatihan Anggaran dan Perbendaharaan
199304092015022002,Pusat Pendidikan dan Pelatihan Anggaran dan Perbendaharaan
197911222001121001,Pusat Pendidikan dan Pelatihan Pajak
198211302006021001,Pusat Pendidikan dan Pelatihan Pajak
198906082010121003,Pusat Pendidikan dan Pelatihan Pajak
197001011990031003,Pusat Pendidikan dan Pelatihan Pajak
199507062018011009,Pusat Pendidikan dan Pelatihan Pajak
196908121989121001,Pusat Pendidikan dan Pelatihan Bea dan Cukai
197711011998031001,Sekretariat Badan
197704271999031001,Sekretariat Badan
198910062009122001,Pusat Pendidikan dan Pelatihan Anggaran dan Perbendaharaan
196903121990031001,Pusat Pendidikan dan Pelatihan Anggaran dan Perbendaharaan
198812072015022007,Pusat Pendidikan dan Pelatihan Anggaran dan Perbendaharaan
197610061998031002,Pusat Pendidikan dan Pelatihan Pajak
197303161992121001,Pusat Pendidikan dan Pelatihan Bea dan Cukai
198509202007011002,Pusat Pendidikan dan Pelatihan Bea dan Cukai
198807242010121003,Politeknik Keuangan Negara STAN
199210162014112001,Politeknik Keuangan Negara STAN
199307082018011003,Politeknik Keuangan Negara STAN
199105202014111001,Politeknik Keuangan Negara STAN
199202102018012003,Politeknik Keuangan Negara STAN
198110142004121001,Politeknik Keuangan Negara STAN
198811092009122002,Politeknik Keuangan Negara STAN
198001192001121002,Politeknik Keuangan Negara STAN
197809082000011001,Politeknik Keuangan Negara STAN
196305191983022002,Politeknik Keuangan Negara STAN
199802182018122001,Sekretariat Badan
199008012018012002,Sekretariat Badan
197207062005011001,Sekretariat Badan
198608092007101001,Sekretariat Badan
198512122008121005,Sekretariat Badan
198102272005011001,Politeknik Keuangan Negara STAN
197103151998031001,Politeknik Keuangan Negara STAN
197402191995021001,Pusat Pendidikan dan Pelatihan Kepemimpinan dan Manajemen
197009261996031002,Pusat Pendidikan dan Pelatihan Kepemimpinan dan Manajemen
198807072014021003,Pusat Pendidikan dan Pelatihan Keuangan Publik
197601111996021003,Sekretariat Badan
199706262018011001,Sekretariat Badan
196910221990031001,Sekretariat Badan
197612311999032001,Sekretariat Badan
197312081994031001,Sekretariat Badan
197812071998031001,Sekretariat Badan
198712162007101002,Sekretariat Badan
198903202010122001,Pusat Pembinaan Jabatan Fungsional dan Penjaminan Mutu
199005042012101004,Pusat Pendidikan dan Pelatihan Kepemimpinan dan Manajemen
197504161995112001,Pusat Pendidikan dan Pelatihan Kepemimpinan dan Manajemen
198704282010122005,Pusat Pembinaan Jabatan Fungsional dan Penjaminan Mutu
197605141998032001,Pusat Pendidikan dan Pelatihan Kepemimpinan dan Manajemen
198805242009121005,Pusat Pendidikan dan Pelatihan Anggaran dan Perbendaharaan
198710192010122007,Pusat Pendidikan dan Pelatihan Pajak
197003132005011002,Pusat Pendidikan dan Pelatihan Pajak
199609152018011002,Pusat Pendidikan dan Pelatihan Pajak
199704182019122001,Pusat Pendidikan dan Pelatihan Keuangan Publik
199111232014111001,Sekretariat Badan
198801062010122005,Sekretariat Badan
197812162000011001,Sekretariat Badan
199005012013101001,Sekretariat Badan
198603112010122003,Sekretariat Badan
198305172004122001,Sekretariat Badan
199612072019022003,Sekretariat Badan
198602082010122003,Sekretariat Badan
199610252018012001,Pusat Pendidikan dan Pelatihan Kepemimpinan dan Manajemen
199201092015022005,Pusat Pendidikan dan Pelatihan Kepemimpinan dan Manajemen
198907222010121001,Pusat Pendidikan dan Pelatihan Kepemimpinan dan Manajemen
198803302007101001,Sekretariat Badan
199107132013102002,Pusat Pendidikan dan Pelatihan Pajak
197010201992031002,Pusat Pendidikan dan Pelatihan Pajak
197601031996022001,Sekretariat Badan
199707142018012001,Sekretariat Badan
197302021992031001,Pusat Pendidikan dan Pelatihan Anggaran dan Perbendaharaan
199008062012101002,Politeknik Keuangan Negara STAN
197610031999031001,Politeknik Keuangan Negara STAN
199606042019022006,Politeknik Keuangan Negara STAN
198304222009012004,Politeknik Keuangan Negara STAN
199403112016122002,Politeknik Keuangan Negara STAN
198810062010121002,Politeknik Keuangan Negara STAN
196111211982031002,Politeknik Keuangan Negara STAN
196912201990032001,Politeknik Keuangan Negara STAN
198705162008122001,Politeknik Keuangan Negara STAN
197505241995032001,Politeknik Keuangan Negara STAN
197804202000011002,Politeknik Keuangan Negara STAN
198305292004121001,Politeknik Keuangan Negara STAN
197305011994021001,Politeknik Keuangan Negara STAN
197401151993021001,Politeknik Keuangan Negara STAN
198105072002121002,Politeknik Keuangan Negara STAN
196903191996031001,Sekretariat Badan
198909182010121006,Sekretariat Badan
197508211996021003,Sekretariat Badan
197204141994032003,Sekretariat Badan
198805232008121002,Sekretariat Badan
198807102007102001,Sekretariat Badan
198402292003121001,Sekretariat Badan
198511092007101001,Sekretariat Badan
199902162021011004,Sekretariat Badan
199507072018012002,Sekretariat Badan
198903272015022004,Politeknik Keuangan Negara STAN
198510222010122006,Politeknik Keuangan Negara STAN
198704112010122003,Pusat Pendidikan dan Pelatihan Pajak
197007191997032001,Pusat Pendidikan dan Pelatihan Pajak
197310211994031001,Pusat Pendidikan dan Pelatihan Kepemimpinan dan Manajemen
197401261994021001,Pusat Pendidikan dan Pelatihan Kepemimpinan dan Manajemen
198309042010122002,Pusat Pendidikan dan Pelatihan Kepemimpinan dan Manajemen
197403031995122001,Pusat Pendidikan dan Pelatihan Keuangan Publik
197807082000011001,Pusat Pendidikan dan Pelatihan Keuangan Publik
198404132004121003,Pusat Pendidikan dan Pelatihan Keuangan Publik
198206202009011011,Pusat Pembinaan Jabatan Fungsional dan Penjaminan Mutu
198601132007101001,Pusat Pembinaan Jabatan Fungsional dan Penjaminan Mutu
198907212010122002,Sekretariat Badan
198707052010121004,Sekretariat Badan
198811192015022003,Pusat Pendidikan dan Pelatihan Keuangan Publik
198411042007011002,Pusat Pembinaan Jabatan Fungsional dan Penjaminan Mutu
199807182019122001,Pusat Pembinaan Jabatan Fungsional dan Penjaminan Mutu
199611182018012001,Pusat Pendidikan dan Pelatihan Kepemimpinan dan Manajemen
197606201998031009,Pusat Pendidikan dan Pelatihan Kepemimpinan dan Manajemen
198610062009121006,Pusat Pendidikan dan Pelatihan Kepemimpinan dan Manajemen
199010292018012004,Pusat Pendidikan dan Pelatihan Anggaran dan Perbendaharaan
199801112018122001,Pusat Pendidikan dan Pelatihan Anggaran dan Perbendaharaan
198909072010121004,Pusat Pendidikan dan Pelatihan Anggaran dan Perbendaharaan
196906201990031003,Pusat Pendidikan dan Pelatihan Pajak
198908072010122002,Pusat Pendidikan dan Pelatihan Bea dan Cukai
199811022019122001,Sekretariat Badan
197608041998031002,Sekretariat Badan
198905092010122001,Sekretariat Badan
199407282018012003,Sekretariat Badan
198903142009122001,Sekretariat Badan
200312252026022001,Sekretariat Badan
199205122015022002,Sekretariat Badan
198312212010121002,Sekretariat Badan
198606172008121004,Sekretariat Badan
198604162010122008,Sekretariat Badan
198906082010121002,Sekretariat Badan
198812252009121002,Sekretariat Badan
198510252010121005,Sekretariat Badan
198903132010122002,Sekretariat Badan
198512172007101001,Sekretariat Badan
198812282010122001,Pusat Pendidikan dan Pelatihan Kepemimpinan dan Manajemen
197208251998032005,Pusat Pendidikan dan Pelatihan Kepemimpinan dan Manajemen
199706082018012001,Pusat Pendidikan dan Pelatihan Anggaran dan Perbendaharaan
199803112018122001,Pusat Pendidikan dan Pelatihan Anggaran dan Perbendaharaan
199010192012101003,Pusat Pendidikan dan Pelatihan Anggaran dan Perbendaharaan
199209202018012005,Pusat Pendidikan dan Pelatihan Anggaran dan Perbendaharaan
198908022010121002,Pusat Pendidikan dan Pelatihan Anggaran dan Perbendaharaan
199109242013102001,Pusat Pendidikan dan Pelatihan Anggaran dan Perbendaharaan
196803031995011001,Pusat Pendidikan dan Pelatihan Pajak
198504252010122003,Politeknik Keuangan Negara STAN
197204161994031003,Pusat Pendidikan dan Pelatihan Kepemimpinan dan Manajemen
198406052007101001,Pusat Pendidikan dan Pelatihan Bea dan Cukai
199605142018011001,Pusat Pendidikan dan Pelatihan Anggaran dan Perbendaharaan
198810122009121005,Pusat Pendidikan dan Pelatihan Anggaran dan Perbendaharaan
197209221993021001,Pusat Pendidikan dan Pelatihan Anggaran dan Perbendaharaan
198804062008121002,Pusat Pendidikan dan Pelatihan Pajak
197607221998031001,Pusat Pendidikan dan Pelatihan Pajak
198703292007101001,Pusat Pendidikan dan Pelatihan Bea dan Cukai
198511042010121006,Pusat Pendidikan dan Pelatihan Bea dan Cukai
197108081996031001,Pusat Pendidikan dan Pelatihan Bea dan Cukai
198706042008121002,Pusat Pendidikan dan Pelatihan Keuangan Publik
198410092009012010,Pusat Pendidikan dan Pelatihan Keuangan Publik
198904152012101001,Pusat Pendidikan dan Pelatihan Keuangan Publik
196911241998031001,Pusat Pendidikan dan Pelatihan Keuangan Publik
199909022019121001,Pusat Pendidikan dan Pelatihan Keuangan Publik
198906022010121003,Pusat Pembinaan Jabatan Fungsional dan Penjaminan Mutu
198704202010122004,Pusat Pembinaan Jabatan Fungsional dan Penjaminan Mutu
197708261997032001,Pusat Pembinaan Jabatan Fungsional dan Penjaminan Mutu
198810092009122003,Sekretariat Badan
198602082007011002,Sekretariat Badan
199610202018011001,Sekretariat Badan
197808092005011001,Sekretariat Badan
198508132007011001,Sekretariat Badan
199601062018011007,Sekretariat Badan
198711042009121003,Sekretariat Badan
198601142007011002,Sekretariat Badan
198207302009012005,Sekretariat Badan
198303012004121004,Sekretariat Badan
198704192008122003,Sekretariat Badan
198506032004122001,Sekretariat Badan
198004202005011012,Sekretariat Badan
198511182007101001,Sekretariat Badan
198802052008121003,Sekretariat Badan
198512022006021006,Sekretariat Badan
198402032006021002,Sekretariat Badan
198911142010122001,Sekretariat Badan
198809302009121002,Sekretariat Badan
198601272004121002,Sekretariat Badan
198811052014022005,Sekretariat Badan
199702282018122001,Sekretariat Badan
198311122004121002,Sekretariat Badan
199609252018011003,Sekretariat Badan
197709012005011001,Sekretariat Badan
198503192004121005,Sekretariat Badan
196807081994031001,Politeknik Keuangan Negara STAN
199212092019021001,Politeknik Keuangan Negara STAN
198808232014021003,Politeknik Keuangan Negara STAN
198202022004121001,Pusat Pendidikan dan Pelatihan Kepemimpinan dan Manajemen
198906302010121003,Pusat Pendidikan dan Pelatihan Kepemimpinan dan Manajemen
198609282010121003,Pusat Pendidikan dan Pelatihan Keuangan Publik
198301312004121001,Pusat Pendidikan dan Pelatihan Keuangan Publik
197601191996022002,Pusat Pendidikan dan Pelatihan Keuangan Publik
199102192015021003,Pusat Pembinaan Jabatan Fungsional dan Penjaminan Mutu
199202252014111001,Pusat Pembinaan Jabatan Fungsional dan Penjaminan Mutu
198610232009012003,Pusat Pembinaan Jabatan Fungsional dan Penjaminan Mutu
198910272012101002,Pusat Pendidikan dan Pelatihan Anggaran dan Perbendaharaan
197511021996031001,Pusat Pendidikan dan Pelatihan Kepemimpinan dan Manajemen
197301011992011001,Pusat Pendidikan dan Pelatihan Kepemimpinan dan Manajemen
197406291995112001,Pusat Pendidikan dan Pelatihan Kepemimpinan dan Manajemen
198604232010122004,Pusat Pendidikan dan Pelatihan Kepemimpinan dan Manajemen
198703222008121002,Pusat Pendidikan dan Pelatihan Kepemimpinan dan Manajemen
197006021996031002,Sekretariat Badan
199703302019022002,Sekretariat Badan
198905052008121001,Sekretariat Badan
198408152006022002,Sekretariat Badan
197110071999031002,Sekretariat Badan
197011091998031001,Sekretariat Badan
196910191994032001,Sekretariat Badan
197408251995031002,Sekretariat Badan
198908132010121002,Sekretariat Badan
199205252014112001,Sekretariat Badan
197701021999032002,Politeknik Keuangan Negara STAN
197610251996031001,Politeknik Keuangan Negara STAN
196210101983021001,Politeknik Keuangan Negara STAN
198411082009011004,Politeknik Keuangan Negara STAN
198307142004121002,Politeknik Keuangan Negara STAN
198212092006021001,Politeknik Keuangan Negara STAN
197512141995022001,Politeknik Keuangan Negara STAN
197408161996022001,Politeknik Keuangan Negara STAN
197502071995021001,Politeknik Keuangan Negara STAN
197306221994021001,Politeknik Keuangan Negara STAN
198605232008121002,Politeknik Keuangan Negara STAN
197201071998031002,Politeknik Keuangan Negara STAN
198709052008122003,Politeknik Keuangan Negara STAN
199001282009121002,Politeknik Keuangan Negara STAN
199209262014112001,Politeknik Keuangan Negara STAN
199802282018121001,Politeknik Keuangan Negara STAN
197705301999031001,Politeknik Keuangan Negara STAN
198707072009121006,Politeknik Keuangan Negara STAN
198703052010121004,Politeknik Keuangan Negara STAN
199703082018122001,Sekretariat Badan
198504122006021002,Sekretariat Badan
198608082007011004,Sekretariat Badan
196904191989121001,Pusat Pendidikan dan Pelatihan Anggaran dan Perbendaharaan
196902041989011001,Pusat Pendidikan dan Pelatihan Anggaran dan Perbendaharaan
197607241999031002,Pusat Pendidikan dan Pelatihan Pajak
198710032010121009,Pusat Pendidikan dan Pelatihan Pajak
196904111995031001,Pusat Pendidikan dan Pelatihan Pajak
198905052015021007,Pusat Pendidikan dan Pelatihan Pajak
198409072006021006,Pusat Pendidikan dan Pelatihan Pajak
197503251995021001,Pusat Pendidikan dan Pelatihan Bea dan Cukai
197207081992121001,Pusat Pendidikan dan Pelatihan Bea dan Cukai
197305111993012001,Pusat Pendidikan dan Pelatihan Bea dan Cukai
198311172006021001,Pusat Pendidikan dan Pelatihan Bea dan Cukai
196806151998031012,Sekretariat Badan
197209261993031001,Pusat Pendidikan dan Pelatihan Pajak
199505012019022004,Pusat Pendidikan dan Pelatihan Pajak
196710201988031001,Pusat Pendidikan dan Pelatihan Pajak
197611281999031001,Pusat Pendidikan dan Pelatihan Bea dan Cukai
199011052015022005,Pusat Pendidikan dan Pelatihan Bea dan Cukai
198805212009121004,Pusat Pendidikan dan Pelatihan Bea dan Cukai
197505251999031002,Politeknik Keuangan Negara STAN
198509292007102001,Politeknik Keuangan Negara STAN
198704122010122002,Politeknik Keuangan Negara STAN
198812042010121005,Politeknik Keuangan Negara STAN
198811042010122001,Politeknik Keuangan Negara STAN
199604272018122001,Politeknik Keuangan Negara STAN
199608172018012002,Politeknik Keuangan Negara STAN
197503171995021001,Politeknik Keuangan Negara STAN
198702052007011001,Politeknik Keuangan Negara STAN
198609212007101002,Politeknik Keuangan Negara STAN
198907102010121001,Politeknik Keuangan Negara STAN
196901011994031003,Politeknik Keuangan Negara STAN
197901212001121001,Politeknik Keuangan Negara STAN
197505111994032001,Politeknik Keuangan Negara STAN
197502141999031001,Politeknik Keuangan Negara STAN
198406132007011001,Politeknik Keuangan Negara STAN
197409111994021001,Politeknik Keuangan Negara STAN
198005202001121002,Politeknik Keuangan Negara STAN
197305242002121001,Politeknik Keuangan Negara STAN
197212271999031002,Sekretariat Badan
196911201997031001,Sekretariat Badan
198611262008121003,Sekretariat Badan
197003171996031002,Pusat Pendidikan dan Pelatihan Kepemimpinan dan Manajemen
197001061990031001,Pusat Pendidikan dan Pelatihan Kepemimpinan dan Manajemen
198611062015022004,Pusat Pendidikan dan Pelatihan Kepemimpinan dan Manajemen
198508142010121005,Pusat Pendidikan dan Pelatihan Kepemimpinan dan Manajemen
198206032009011011,Pusat Pendidikan dan Pelatihan Keuangan Publik
197601021999031001,Pusat Pendidikan dan Pelatihan Keuangan Publik
199209132018012003,Pusat Pendidikan dan Pelatihan Keuangan Publik
198608022010121005,Pusat Pembinaan Jabatan Fungsional dan Penjaminan Mutu
198404242004121001,Pusat Pembinaan Jabatan Fungsional dan Penjaminan Mutu
196911041992012001,Pusat Pembinaan Jabatan Fungsional dan Penjaminan Mutu
199905202021012006,Sekretariat Badan
197512251996022001,Sekretariat Badan
199008282010121003,Politeknik Keuangan Negara STAN
199110082015022005,Sekretariat Badan
197111241994032001,Sekretariat Badan
198603282010122006,Sekretariat Badan
198806042010122006,Sekretariat Badan
198712232009122004,Sekretariat Badan
197802202000011002,Pusat Pendidikan dan Pelatihan Bea dan Cukai
198810102009121003,Pusat Pendidikan dan Pelatihan Pajak
198903022010121002,Pusat Pendidikan dan Pelatihan Pajak
198810072009121005,Pusat Pendidikan dan Pelatihan Bea dan Cukai
196905161994031002,Pusat Pendidikan dan Pelatihan Keuangan Publik
199211272014112001,Pusat Pendidikan dan Pelatihan Keuangan Publik
198702042010121002,Pusat Pendidikan dan Pelatihan Keuangan Publik
198808112009121001,Pusat Pendidikan dan Pelatihan Keuangan Publik
198703182014021002,Pusat Pembinaan Jabatan Fungsional dan Penjaminan Mutu
198706252008121003,Sekretariat Badan
199411222018011003,Sekretariat Badan
199009012012101001,Sekretariat Badan
198802242007101001,Politeknik Keuangan Negara STAN
197604101999031001,Politeknik Keuangan Negara STAN
198609052008121002,Sekretariat Badan
198403212004121001,Sekretariat Badan
198605122009121005,Sekretariat Badan
197701312002121002,Sekretariat Badan
198609152010122006,Pusat Pendidikan dan Pelatihan Kepemimpinan dan Manajemen
198701192007012001,Pusat Pendidikan dan Pelatihan Anggaran dan Perbendaharaan
198507032006021002,Pusat Pendidikan dan Pelatihan Anggaran dan Perbendaharaan
198502152010121002,Pusat Pendidikan dan Pelatihan Anggaran dan Perbendaharaan
198908082010121002,Pusat Pendidikan dan Pelatihan Anggaran dan Perbendaharaan
198510302007101001,Pusat Pendidikan dan Pelatihan Anggaran dan Perbendaharaan
197709142000011001,Pusat Pendidikan dan Pelatihan Anggaran dan Perbendaharaan
197808052001121002,Pusat Pendidikan dan Pelatihan Anggaran dan Perbendaharaan
198112142004121001,Pusat Pendidikan dan Pelatihan Pajak
197105061996032001,Pusat Pendidikan dan Pelatihan Bea dan Cukai
198601252007101002,Politeknik Keuangan Negara STAN
197908192000121003,Politeknik Keuangan Negara STAN
199208122018012004,Politeknik Keuangan Negara STAN
196903191998031003,Politeknik Keuangan Negara STAN
198803302009121002,Politeknik Keuangan Negara STAN
198409052006021003,Politeknik Keuangan Negara STAN
198205112003121002,Politeknik Keuangan Negara STAN
198009202001121003,Politeknik Keuangan Negara STAN
197507241999031001,Politeknik Keuangan Negara STAN
197909222000121001,Politeknik Keuangan Negara STAN
198003082001121001,Politeknik Keuangan Negara STAN
197308231994031001,Politeknik Keuangan Negara STAN
197106101991031002,Politeknik Keuangan Negara STAN
198902052010122003,Politeknik Keuangan Negara STAN
197408091998031001,Sekretariat Badan
197106161992032001,Pusat Pendidikan dan Pelatihan Keuangan Publik
197008121991031001,Pusat Pendidikan dan Pelatihan Keuangan Publik
198605112009121005,Pusat Pendidikan dan Pelatihan Keuangan Publik
198807142010121001,Pusat Pendidikan dan Pelatihan Keuangan Publik
197310021999031001,Pusat Pendidikan dan Pelatihan Keuangan Publik
198505312009012006,Pusat Pembinaan Jabatan Fungsional dan Penjaminan Mutu
198807272010121005,Pusat Pembinaan Jabatan Fungsional dan Penjaminan Mutu
199905252019121001,Pusat Pembinaan Jabatan Fungsional dan Penjaminan Mutu
199211082013102001,Pusat Pembinaan Jabatan Fungsional dan Penjaminan Mutu
198606172010121004,Pusat Pendidikan dan Pelatihan Kepemimpinan dan Manajemen
199207282014111002,Pusat Pendidikan dan Pelatihan Kepemimpinan dan Manajemen
198902102009121004,Sekretariat Badan
197101201993031003,Sekretariat Badan
198507272008122004,Sekretariat Badan
196808201994031003,Sekretariat Badan
199204122014112001,Sekretariat Badan
198503232007011001,Sekretariat Badan
198508232007011002,Politeknik Keuangan Negara STAN
199612142018012001,Sekretariat Badan
198312142009011012,Sekretariat Badan
198702062007101001,Sekretariat Badan
198712212010122001,Sekretariat Badan
198908242010121002,Pusat Pendidikan dan Pelatihan Kepemimpinan dan Manajemen
199408192018012002,Pusat Pendidikan dan Pelatihan Pajak
198503062009012005,Pusat Pendidikan dan Pelatihan Kepemimpinan dan Manajemen
197309081999031002,Pusat Pembinaan Jabatan Fungsional dan Penjaminan Mutu
198712032009121002,Pusat Pendidikan dan Pelatihan Pajak
199303252014111001,Pusat Pendidikan dan Pelatihan Pajak
198412262006021005,Pusat Pendidikan dan Pelatihan Pajak
198903112010121004,Pusat Pendidikan dan Pelatihan Bea dan Cukai
197305191998031001,Pusat Pendidikan dan Pelatihan Bea dan Cukai
199607252016122002,Pusat Pendidikan dan Pelatihan Keuangan Publik
198706172009121003,Pusat Pendidikan dan Pelatihan Keuangan Publik
197004071998032001,Pusat Pendidikan dan Pelatihan Keuangan Publik
198901172010122002,Pusat Pembinaan Jabatan Fungsional dan Penjaminan Mutu
198807102010122001,Pusat Pembinaan Jabatan Fungsional dan Penjaminan Mutu
199202232014111001,Sekretariat Badan
199012212013101001,Sekretariat Badan
198409302010122003,Sekretariat Badan
198508212007011001,Sekretariat Badan
198602242007011002,Sekretariat Badan
198809192009121001,Sekretariat Badan
198701052010121004,Politeknik Keuangan Negara STAN
198502242009011003,Sekretariat Badan
198205202006021001,Sekretariat Badan
199208102014111001,Sekretariat Badan
198505222009011004,Sekretariat Badan
197501031994031001,Sekretariat Badan
198703252008121002,Sekretariat Badan
198607202007011001,Sekretariat Badan
199601272019021002,Sekretariat Badan
197812242000122001,Pusat Pendidikan dan Pelatihan Kepemimpinan dan Manajemen
198811082009121003,Pusat Pendidikan dan Pelatihan Kepemimpinan dan Manajemen
199207042014111001,Pusat Pendidikan dan Pelatihan Kepemimpinan dan Manajemen
199801192019122001,Pusat Pendidikan dan Pelatihan Kepemimpinan dan Manajemen
